"name","acres","counties_affected","archiveyear"
"Forest Fire","50","1","2019"
"Tarina Fire","2950","1","2018"
"Dersch Fire","33","1","2013"
"Oak Fire","53","1","2019"
"Lobo Fire (Wind Complex)","821","1","2017"
"Romero Fire","68","1","2018"
"Parrots Fire","136","1","2018"
"Long Fire","2","1","2019"
"Bogus Fire","56","1","2017"
"Border 9 Fire","80","1","2019"
"Irish Fire","825","1","2018"
"Sharp Fire","243","1","2013"
"King Fire","135","2","2017"
"Honey Fire","150","1","2017"
"North Fire","4250","2","2015"
"Soboba Fire","25","1","2018"
"Gun Fire","125","1","2014"
"Fiddler Fire","441","2","2016"
"Wilson Fire","261","1","2018"
"Lucy Fire","150","1","2017"
"Paskenta Fire","195","1","2013"
"Coyote Fire","97","1","2013"
"Sand Fire","70","1","2017"
"Poslin Fire","859","1","2017"
"Saratoga Fire","100","1","2014"
"Silverwood Fire","75","1","2013"
"Ranch Fire","70","1","2014"
"Deer Fire","95","1","2015"
"Grant Fire","211","1","2016"
"California Fire","124","1","2013"
"Sand Fire","0","1","2016"
"Corral Fire","155","1","2017"
"Chorro Fire","282","1","2015"
"Border Fire","130","1","2017"
"Colby Fire","1952","1","2014"
"Castaic Fire","30","1","2017"
"Soberanes Fire","132127","1","2016"
"Prairie Fire","69","1","2015"
"Grapefruit Fire","60","1","2015"
"Kyburz Fire","75","1","2015"
"Nacimiento Fire","20","1","2017"
"Heart Fire","67","1","2018"
"Miller Fire","34","1","2017"
"Dinely Fire","339","1","2017"
"King Fire","97717","1","2014"
"Ruth Complex","4736","1","2017"
"Concord Fire","274","1","2013"
"Tassajara Fire","1086","1","2015"
"French Fire","136","1","2017"
"DeWolf Fire","278","1","2016"
"Union Fire","116","1","2013"
"Adobe Fire (Central LNU Complex)","1868","1","2017"
"Vineyard Fire","25","1","2018"
"Mockingbird Fire","20","1","2016"
"Agua Fire","59","1","2018"
"Nuevo Fire","28","2","2017"
"Mills Fire","534","1","2013"
"Stony Fire","75","1","2018"
"Johnson Fire","16","1","2018"
"Foothill Fire","69","1","2016"
"Horse Fire","146","1","2015"
"Fox Fire","260","1","2018"
"Platina Fire","21","1","2017"
"Bottle Fire","62","1","2017"
"Elk Fire","63","1","2019"
"Bridge Fire","11","1","2019"
"Edison Fire","20","1","2016"
"Aukum Fire","25","1","2016"
"Grade Fire","60","1","2018"
"Ridge Fire","36","1","2018"
"Milpas Fire","81","1","2019"
"3-16 Fire","89","1","2018"
"Holy Fire","150","1","2016"
"Sliger Fire","150","1","2018"
"Pacific Fire","12","1","2017"
"Pleyto Fire","32","1","2017"
"241 Fire","214","1","2015"
"Yellow Fire","125","1","2013"
"99 Fire","550","1","2016"
"Rocky Fire","17","1","2017"
"Wildomar Fire","866","1","2017"
"Wilcox Fire","33","1","2018"
"Cobble Fire","108","1","2018"
"Lost Fire","255","1","2017"
"Yankee Fire","775","1","2017"
"Democrat Fire","128","1","2015"
"Bumper Fire","67","1","2018"
"Loma Fire","4474","1","2016"
"Clark Fire","2819","1","2016"
"Summit Fire","55","1","2015"
"Border Fire","28","1","2018"
"Rock Fire","207","3","2018"
"Clayton Fire","3929","1","2016"
"Famoso Fire","138","1","2016"
"Patterson Fire","139","2","2019"
"Alhambra Fire","30","1","2018"
"Swedes Fire","400","1","2015"
"Tres Pinos Fire","354","1","2013"
"Cranston Fire","13139","1","2018"
"Mid Fire","22","1","2019"
"Blue Cut Fire","36274","1","2016"
"Sawday Fire ","97","1","2019"
"Vista Fire","60","3","2018"
"Hart Fire","100","1","2016"
"Laverne Fire","180","1","2017"
"Patterson Fire","1261","2","2018"
"Rucker Fire","444","1","2017"
"Rock Fire","2422","1","2019"
"Lone Fire","5737","1","2019"
"Dehesa Fire","150","1","2019"
"Pleasant Fire","392","1","2017"
"Retek Fire","82","1","2013"
"Gillis Fire","974","1","2019"
"Colyear Fire","464","1","2016"
"Chestnut Fire","41","1","2013"
"Pasqual Fire","365","1","2018"
"Real Fire","420","1","2019"
"Peak Fire","186","1","2018"
"Horse Fire","80","1","2018"
"Vallecitos Fire","20","1","2018"
"Sheep Fire","95","1","2018"
"Axel Fire","74","1","2017"
"China Fire","212","1","2015"
"Taboose Fire","10296","1","2019"
"Broder Fire","381","1","2019"
"Van Buren Fire","57","1","2014"
"King Incident","0","1","2017"
"Mill 2 Fire","54","1","2015"
"Cinnamon Fire","13","1","2018"
"Red Fire","460","2","2017"
"Buckingham Fire","45","1","2018"
"Branscombe Fire","4500","1","2018"
"Jennings Fire","400","1","2017"
"Stone Fire","340","1","2017"
"South Fork Fire","7000","1","2017"
"50 Fire","163","2","2013"
"Oakwood Fire","1431","1","2017"
"Baker Fire","80","2","2016"
"Sand Fire","4240","2","2014"
"Beaver Fire","215","1","2018"
"Miller Fire","37","1","2019"
"66 Fire","55","1","2019"
"Canyon Fire","62","1","2018"
"Appaloosa Fire","310","1","2016"
"Ming Fire","506","1","2017"
"Placerita Fire","760","1","2017"
"Hole Fire","40","1","2017"
"Wright Fire","1800","1","2017"
"Partrick Fire (Central LNU Complex)","0","1","2017"
"Beale Fire","867","1","2017"
"Collier Fire","122","1","2015"
"Rangeland Fire","250","1","2018"
"Smiley Fire","153","2","2017"
"West Fire ","105","1","2019"
"Madison FIre","14","1","2018"
"Weisgarber Fire","120","1","2019"
"Bridges Fire","113","1","2014"
"Palmyrita Fire","40","1","2013"
"Washington Fire","0","1","2015"
"Angora Fire","134","1","2013"
"Tecolote Fire","274","1","2014"
"Boulder Fire","1127","1","2019"
"Coal Fire","112","1","2016"
"Fiddler Fire","50","1","2014"
"Ramblin Fire","17","1","2017"
"Rusty Fire","16","1","2017"
"Olivas Fire","200","1","2019"
"Skyline Fire","282","1","2018"
"June Fire","65","1","2014"
"Rail Fire","68","1","2013"
"Shandon Fire","80","1","2018"
"Marina Fire","650","1","2016"
"Horse Creek Fire","34","1","2018"
"Foothills Fire","355","1","2019"
"Golf Fire","20","1","2019"
"Marlborough Fire","85","1","2017"
"Scales Fire","65","1","2015"
"Irving Fire","152","1","2018"
"Cow Fire","1975","2","2019"
"Riverdale Fire","40","1","2017"
"Idria Fire","116","1","2018"
"41 Fire","150","1","2017"
"Refuge Fire","22","1","2017"
"Long Valley Fire","83733","1","2017"
"Springs Fire","4840","2","2019"
"Mustang Fire","37","1","2018"
"Eagle Fire","205","1","2017"
"Lincoln Fire","80","1","2019"
"Seine Fire","20","1","2017"
"Shirley Fire","3895","1","2014"
"Becks Fire","296","1","2013"
"Deer Fire","11429","1","2013"
"Monterey Fire","450","1","2017"
"Mokelumne Fire","0","1","2016"
"Bald Fire","39736","1","2014"
"Highland Fire","150","2","2013"
"Park Fire","1649","1","2017"
"Mountain Fire","600","2","2019"
"Pass Fire","67","1","2015"
"Casitas Fire","50","1","2016"
"Ward Fire","1301","1","2019"
"Camp Fire","153336","2","2018"
"Marshes Fire","1080","1","2016"
"Rebie Fire","10","1","2017"
"Big Creek Fire","204","1","2015"
"Citrus Fire","257","1","2019"
"Miller Complex","39715","1","2017"
"Uvas Fire","50","1","2013"
"Telephone Fire","15","1","2019"
"Roser Fire","43","1","2017"
"Camanche Fire","210","1","2016"
"Keeler Fire","16","1","2018"
"Feed Fire","41","1","2017"
"Whittier Fire","18430","1","2017"
"Lago Fire","18","1","2018"
"Grade Fire","22","1","2015"
"Mission Fire","1035","1","2017"
"Lyon Fire","263","1","2013"
"Atlas Fire (Southern LNU Complex)","51624","2","2017"
"Peak Fire","680","1","2017"
"Diablo Fire","100","1","2016"
"Water Fire","612","2","2013"
"Iron Fire","40","1","2018"
"Powerhouse Fire","30274","1","2013"
"Jolon Fire","66","1","2019"
"Sycamore Fire","250","1","2019"
"Jasper Fire","26","1","2017"
"Coalinga Fire","102","1","2017"
"Jameson Fire","12","1","2017"
"Ward Fire","41","1","2017"
"Rosado Fire","13","1","2017"
"Old Fire","150","4","2016"
"Antelope Fire","167","1","2019"
"Kidder 2 Fire","227","1","2019"
"Palm Fire","40","1","2017"
"Mission Fire","12","1","2018"
"Steamboat Fire","224","1","2018"
"Tulloch Fire","83","1","2019"
"Kirker Fire","492","1","2013"
"Ranch Fire","140","2","2017"
"Willard Fire","2575","1","2016"
"Pilot Fire","8110","1","2016"
"Dehesa Fire ","200","1","2019"
"Lamb Fire","120","1","2017"
"Serpa Fire","80","1","2016"
"Little Deer Fire","5503","1","2014"
"Kramer Fire ","30","1","2015"
"Rincon Fire","17","1","2018"
"South Fire","5332","1","2019"
"IronGate Fire","10","1","2019"
"Box Fire","100","1","2018"
"Pierce Fire","40","1","2013"
"Castro Fire","78","1","2017"
"Montecito Flooding / Mudflows","0","2","2018"
"Grade Fire","900","2","2017"
"Liveoak Fire","73","1","2013"
"Yankee Fire","1500","1","2018"
"Soda Fire","23","1","2015"
"Paskenta Fire","63","2","2019"
"Stone Fire","39387","2","2018"
"Kincade Fire","77758","1","2019"
"Sway Fire","19","1","2017"
"Roberts Fire","3712","1","2016"
"Far Fire","38","1","2019"
"Paskenta Fire","42","1","2017"
"Hetch Hetchy Fire","269","1","2014"
"Santiago Fire","155","1","2018"
"Mad River Complex","0","1","2015"
"Browns Fire","84","1","2019"
"Martinez Fire","40","1","2018"
"Bridle Fire","116","2","2018"
"Silver Fire","20292","1","2013"
"Bear Fire ","10","1","2018"
"Deluz Fire","486","1","2017"
"Flat Fire","300","2","2018"
"Hall Fire","25","1","2014"
"West Fire","380","2","2017"
"Flat Fire ","167","1","2015"
"Madre Fire","268","1","2013"
"Cabrillo Fire","62","1","2019"
"70 Fire","49","2","2016"
"North Branch Extension Fire","25","1","2016"
"North Fire","1120","1","2018"
"Airline Fire","1314","1","2018"
"Salmon-August Complex ","0","1","2017"
"Cherry Fire","63","1","2018"
"Gun Club Fire","300","1","2014"
"June Fire","550","1","2018"
"Dollar Fire","85","1","2017"
"Huasna Fire","245","1","2017"
"Tully Fire","599","1","2016"
"Nustar Fire","15","1","2019"
"Ager Fire","27","1","2018"
"Felipe Fire","70","1","2017"
"Carder Fire","50","1","2018"
"Dodge Fire","10570","1","2015"
"Wolf Fire ","214","1","2019"
"Church Fire","20","1","2018"
"Paskenta Fire","43","1","2016"
"Bautista Fire","167","1","2019"
"Valley Fire","34","2","2017"
"Walker Fire","43","1","2016"
"Melba Fire","35","1","2017"
"Minerva Fire","4310","1","2017"
"Merrill Fire","40","1","2019"
"Table Fire","426","2","2017"
"Creek Fire","277","2","2016"
"Hidden Fire","46","1","2017"
"Portola Fire","23","1","2017"
"Pocket Fire (Central LNU Complex)","17357","1","2017"
"Shingle Fire","316","1","2018"
"Range Fire","100","1","2019"
"Advance Fire","86","1","2015"
"Georges Fire","2883","1","2018"
"Hutto Fire","38","1","2014"
"Cornerstone Fire","11","1","2018"
"Christmas Fire","33","1","2017"
"Ruff Fire ","50","1","2016"
"Rim Fire","257314","1","2013"
"Lynch Fire","73","1","2017"
"Tehama Fire","75","1","2013"
"Yucca Fire","34","1","2019"
"Ribbonwood Fire","25","1","2017"
"Carroll Fire","19","1","2019"
"Horse Fire","131","3","2019"
"Creek Fire","756","1","2019"
"River Fire","148","2","2017"
"Sabina Fire","78","1","2014"
"36 Fire","110","1","2015"
"Rock Fire","28","1","2016"
"Round Fire","7000","2","2015"
"Wolf Fire","75","1","2019"
"Murphy Fire","237","2","2017"
"Falls Fire","20","1","2017"
"Rustic Fire","186","1","2015"
"Call Fire","367","1","2018"
"Silver Fire","76","1","2018"
"Malech Fire","210","1","2019"
"Glen Fire","23","1","2018"
"Timber Fire","30","1","2017"
"West Fire","15","1","2014"
"Broken Fire","103","1","2016"
"Pier Fire","36556","1","2017"
"3-10 Fire","56","1","2018"
"Weller Fire","51","1","2017"
"Clay Fire","32","1","2016"
"Moffett Fire","32","1","2016"
"Plaza Fire","88","1","2018"
"Daulton Fire","90","1","2017"
"Lowell Fire","2304","1","2015"
"Fish Fire","2060","1","2013"
"Panther Fire","6965","1","2013"
"Sellers Fire","58","1","2019"
"Kugelman Fire","45","1","2016"
"Chuckwagon Fire","31","1","2013"
"Tulloch Fire","573","1","2018"
"Elm Fire","10343","1","2017"
"Avocado Fire","132","1","2016"
"Marek Fire","4824","1","2016"
"Sage Fire","12","1","2019"
"Church Fire","100","1","2017"
"Tenaya Fire","415","1","2015"
"Skyway Fire","134","1","2017"
"Hogback Fire","58","1","2017"
"Fish Fire","20","1","2017"
"Green Fire","10","1","2018"
"Woody Fire","115","1","2019"
"Buffalo Fire","1088","1","2017"
"Mule Fire","21","1","2017"
"Dales Fire","11","1","2019"
"Young Fire","3142","1","2017"
"French Fire","13838","1","2014"
"Walker Fire","54612","1","2019"
"Jerry Fire","525","1","2019"
"Dexter Fire","10","1","2017"
"Opera Fire","1350","1","2017"
"Skeggs Fire","50","1","2017"
"Lumgrey Fire","207","1","2019"
"Alder Fire","25","1","2016"
"Arroyo Fire","70","1","2016"
"Border 8 Fire","1507","1","2019"
"Sargent Fire","190","1","2019"
"Vernon Fire","27","1","2017"
"La Tuna Fire ","7194","1","2017"
"Lowe Fire","52","1","2016"
"Applegate Fire","459","1","2014"
"South Fire ","131","1","2019"
"Tumey Fire","126","1","2017"
"Getty Fire ","745","1","2019"
"Pines Fire ","200","1","2015"
"Whiskey Fire","90","2","2019"
"Gorman Fire","0","1","2016"
"Milton Fire","13","1","2017"
"Cave Fire (No Longer a CAL FIRE Incident)","3126","1","2019"
"Red Bank Fire","8838","1","2019"
"Par Fire","191","1","2018"
"Washington Fire","215","1","2016"
"Putah Fire","376","1","2013"
"Portola Fire ","20","1","2018"
"Christensen Fire","242","1","2015"
"Cooley Fire","181","1","2015"
"Fiddler Fire","43","1","2013"
"Bolla Fire","60","1","2017"
"Morgan Fire","3111","1","2013"
"Belmont Fire","835","1","2019"
"Camp Fire","225","1","2017"
"Pines Fire","10","1","2014"
"Winters Fire","160","1","2018"
"Redlands Fire","150","1","2013"
"Cheyenne Fire","83","1","2016"
"Coyote Fire","74","1","2019"
"Pozo Fire","45","1","2017"
"Bryson Fire","25","1","2016"
"Rocky Fire","69438","1","2015"
"Milton Fire ","202","1","2019"
"Long Fire","100","1","2017"
"Saddle Fire ","1542","1","2015"
"Fellow Fire","24","1","2019"
"Coronado Fire","125","1","2017"
"Usal Fire","130","1","2019"
"Gulch Fire","1469","2","2014"
"Moms Fire ","10","1","2019"
"Liberty Fire","300","1","2017"
"Triangle Fire","60","1","2015"
"Gobblers Fire","413","1","2013"
"Miguelito Fire","632","1","2014"
"Creek Fire","1678","5","2018"
"Mud Fire","6042","1","2017"
"Cana Fire","10","1","2019"
"Auberry Fire","91","1","2017"
"Centerville Fire","15","1","2017"
"Essex Fire","15","1","2018"
"Edwards Fire","22","1","2017"
"Main Fire","73","1","2018"
"Cypress Complex","200","1","2019"
"Cuesta Fire","2446","1","2015"
"Spruce Fire","155","1","2019"
"Sacata Fire","2100","1","2016"
"Walker Fire","3676","2","2015"
"Cache Fire","103","1","2018"
"Merwin Fire","150","1","2015"
"River Fire (Mendocino Complex)","48920","3","2018"
"Buckaroo Fire","25","1","2015"
"Sage Fire","1109","1","2016"
"Liberty Fire","62","1","2018"
"Garza Fire","48889","1","2017"
"Hills Fire","168","1","2017"
"Vasco Fire","195","1","2015"
"Fawnskin Fire","30","1","2013"
"Marsh Complex","757","1","2019"
"Resort Fire","12","1","2018"
"Parker 2 Fire","7697","1","2017"
"Browns Fire","35","1","2015"
"26 Fire","157","1","2017"
"Cantwell Fire","120","1","2013"
"Spring Fire ","78","1","2017"
"Moraga Fire","14","1","2017"
"Tank Fire","50","1","2017"
"Mount Fire","25","1","2013"
"Lonoak Fire","17","1","2017"
"Hunters Fire","677","1","2014"
"Water Fire","200","2","2018"
"Ranch Fire (Mendocino Complex)","410203","4","2018"
"Point Fire","130","1","2017"
"Hunter Fire","423","1","2019"
"Planada Fire","4564","1","2018"
"Shoemaker Fire","190","1","2014"
"Oasis Fire","25","1","2015"
"Meyers Fire","34","1","2017"
"Bravo Fire","288","1","2017"
"Canyon 2 Fire","9217","1","2017"
"Power Fire","1070","1","2013"
"Caples Fire","3435","1","2019"
"Marcel Fire","34","1","2018"
"Mile Fire","100","1","2017"
"De Luz Fire","55","1","2015"
"Campo Fire","33","1","2016"
"Laureles Fire","95","1","2015"
"Powellton Fire","10","1","2018"
"Honcut Fire","166","1","2017"
"Lonoak Fire","2546","1","2019"
"Sawmill Fire","1547","1","2016"
"Park Hill Fire","1791","1","2015"
"Kerkhoff Fire","60","1","2015"
"Breckenridge Fire","35","1","2017"
"Athens Fire","169","1","2016"
"59 Fire","487","1","2014"
"Modoc Lightning Complex","1651","1","2014"
"Bikeway Fire","25","1","2019"
"Aqueduct Fire","30","1","2018"
"Rams Horn Fire","280","1","2019"
"Hawk Fire","2940","1","2017"
"Live Fire","57","1","2017"
"Manning Fire","70","1","2017"
"El Dorado Fire","976","1","2017"
"Stage Coach Fire","27","1","2014"
"Vista Fire","25","1","2019"
"Eureka Fire","2575","1","2017"
"Tenaja","1926","1","2019"
"Keswick Fire","24","1","2016"
"Spring Fire","225","1","2017"
"Casa Fire","80","1","2014"
"Vulcan Fire","172","1","2019"
"Shirley Fire","794","1","2013"
"Wilbur Fire","91","1","2017"
"Glass Fire","28","1","2019"
"River Fire","668","1","2018"
"Elk Fire","673","1","2015"
"Thompson Fire ","95","1","2019"
"Stokes Fire","41","1","2017"
"Winchester Fire","36","1","2018"
"Tesla Fire","70","1","2018"
"Sandalwood Fire","1011","1","2019"
"Pacheco Fire","215","1","2015"
"Maze Fire","140","1","2016"
"Chiles Fire","38","1","2015"
"Land Fire","23","1","2018"
"Van Dyke Fire","509","1","2015"
"Scott Fire","80","2","2019"
"Mills File","79","1","2017"
"Five Fire","2995","1","2018"
"Black Fire","170","1","2015"
"Sierra Fire","114","1","2016"
"Warm Fire","300","1","2015"
"Jackson Fire","70","1","2014"
"Bitter Fire ","120","1","2019"
"Waverly Fire","12300","1","2018"
"Tumbleweed Fire","646","1","2018"
"Grace Fire","45","1","2017"
"Hog Fire","360","1","2016"
"Salmon River Complex","14754","1","2013"
"Branch Fire","500","2","2013"
"Havilah Fire","304","1","2016"
"Butts Fire","4300","2","2014"
"Apple Fire","2956","1","2018"
"Greenhorn Fire","15","1","2017"
"Kelsey Fire","24","1","2018"
"Fairview Fire","35","1","2018"
"Holiday Fire","80","1","2017"
"Otay Fire","28","1","2019"
"Metz Fire","3876","1","2016"
"Siskiyou County Lightning Fires","30","1","2014"
"Curie Fire","125","1","2014"
"Trout Fire","40","1","2013"
"Douglas Fire","50","1","2017"
"Pony Fire","2860","1","2016"
"Table Fire","23","1","2016"
"Calgrove Fire ","415","1","2015"
"Cottontail Fire","35","1","2013"
"Lopez Fire","220","1","2019"
"Ranch Fire","2534","3","2019"
"Valley Fire","149","1","2019"
"Antelope Fire","45","1","2015"
"Knoxville Fire","36","1","2016"
"Dyer Fire","148","1","2019"
"Mare Fire","30","1","2019"
"Farad Fire","747","1","2017"
"Marble Fire","319","1","2017"
"Front Fire","1014","1","2018"
"4-10 Fire","27","1","2017"
"Daves Fire","226","1","2013"
"Lime Fire","1872","1","2019"
"Cotton Fire","61","1","2016"
"Border Fire","20","1","2014"
"Bridge Fire","460","1","2017"
"Orleans Complex","27276","1","2017"
"Fern Fire","75","1","2015"
"Honcut Fire","60","1","2014"
"Wendy Fire","91","1","2019"
"Clear Complex (merged into Eclipse Complex)","0","1","2017"
"Dunnigan Fire","84","1","2016"
"I-5 Fire","2312","1","2017"
"Easy Fire","1806","1","2019"
"Translator Fire","40","1","2017"
"Railroad Fire","12407","1","2017"
"Oregon Fire","40","1","2018"
"Gold Fire","22","1","2017"
"Swedes Fire","496","1","2019"
"Pauma Fire","15","1","2019"
" Bridge Fire","37","1","2017"
"Dark Fire","11","1","2018"
"Butte Fire","1200","1","2018"
"Cleghorn Fire","110","1","2013"
"Rains Fire","35","1","2019"
"York Fire","31","1","2017"
"Cottonwood Fire","50","1","2013"
"Montezuma Fire","62","1","2017"
"Ivy Fire","80","1","2019"
"Klamathon Fire","38008","1","2018"
"Deer Fire","1785","2","2016"
"3-12 Fire","77","1","2015"
"Desabla Fire","14","1","2017"
"Beale Fire","400","1","2016"
"Oregon Gulch Fire (part of the Beaver Complex)","35302","1","2014"
"Henthorne Fire","244","1","2019"
"Meamber Fire","12","1","2018"
"Curie Fire","70","1","2018"
"Spring Fire ","20","1","2019"
"Old Water Fire","145","1","2019"
"Bruce Fire","56","1","2018"
"Fountain Fire ","79","1","2017"
"Priest Fire","167","1","2018"
"Trailhead Fire","5646","2","2016"
"Green Fire","123","1","2016"
"Juniper Fire","31","1","2017"
"Corral Complex","12503","1","2013"
"Coe Fire","120","1","2016"
"Boot Fire","6974","1","2018"
"Cocos Fire","1995","1","2014"
"Keller Fire","10","1","2018"
"Bridges Fire","46","1","2013"
"Reed Fire","120","1","2014"
"Oroville Spillway ","0","1","2017"
"Country Fire","82","1","2017"
"Mendocino National Forest Lightning Complex","227","1","2015"
"Dehesa Fire","12","1","2017"
"Sulphur Fire (Mendocino Lake Complex)","2207","1","2017"
"Briggs Fire","173","1","2016"
"Mallard Fire","75","1","2015"
"Klamath Fire","0","1","2017"
"Bitter Fire","30","1","2019"
"Buck Fire","16","1","2015"
"Quimby Fire","30","1","2018"
"Pratt Fire","45","1","2013"
"Grove Fire","25","1","2019"
"Bodega Fire","18","1","2017"
"Murphy Fire","117","1","2018"
"Norman Fire","70","1","2014"
"37 Fire","1660","1","2017"
"Gopher Fire","35","2","2016"
"Gaines Fire","1300","1","2019"
"Bogart Fire","31","1","2014"
"Ogilvy Fire","172","1","2018"
"Vasco Fire","240","1","2013"
"Sterling","125","1","2018"
"Cabin Fire","6980","1","2015"
"San Gabriel Complex (Formerly Fish & Reservoir Fires)","5399","1","2016"
"Lake Fire","106","2","2014"
"Holiday Fire","113","1","2018"
"Donnell Fire","36450","1","2018"
"Mesa Fire","211","1","2015"
"Highway Fire","1049","2","2015"
"Ken Fire","20","1","2016"
"Fairmont Fire","10","1","2019"
"Community Fire","35","1","2019"
"Oak Fire","128","2","2017"
"W-2 Fire","530","1","2017"
"Mineral Fire","7050","1","2016"
"Flume Fire","25","1","2013"
"Morgan Fire","40","1","2014"
"Syar Fire","10","1","2018"
"Hyatt Fire","441","1","2018"
"W1 McDonald Fire","1020","1","2019"
"Lakeville Fire","158","1","2013"
"Hillside Fire","200","1","2019"
"Pacheco Fire","341","1","2016"
"Honey Flooding","0","1","2018"
"Fork Fire","55","1","2015"
"Monticello Fire","6488","1","2014"
"Betabel Fire","25","1","2015"
"White Fire","26","1","2018"
"Stewart Fire","122","1","2017"
"Nelson Fire ","80","2","2019"
"Cascade Fire","20","1","2014"
"Mercury Fire","95","1","2016"
"Frazier Fire","86","1","2016"
"Refuge Fire","2500","1","2019"
"Magic Fire","149","1","2013"
"Creston FIre","60","1","2018"
"Grape Fire","0","1","2018"
"Mill Creek 1 Fire","3674","1","2018"
"Mines Fire","44","1","2017"
"Homestead Fire","50","1","2013"
"Bitterwater Fire","47","2","2017"
"Blaine Fire","1044","1","2017"
"Newmark Fire","70","1","2016"
"Hathaway Fire","0","1","2013"
" Cristianitos Fire","0","1","2017"
"Rey Fire ","32606","1","2016"
"Wilson Fire","50","2","2017"
"Meridian Fire","50","1","2019"
"Smiley Fire","124","1","2013"
"Poly Fire","105","1","2017"
"Canyon Fire","2662","6","2017"
"Kuehner Fire","45","1","2016"
"Calgary Fire","50","1","2017"
"Lumpkin Fire","1042","1","2015"
"Placentia Fire","63","1","2017"
"Briceburg Fire","5563","1","2019"
"Tubbs Fire (Central LNU Complex)","36807","2","2017"
"Collier Fire","11","1","2016"
"Building Fire","10","1","2018"
"Baxter Fire","26","1","2015"
"Clay Fire","68","1","2017"
"Gasquet Complex","30361","1","2015"
"Bear Fire","25","1","2019"
"Pine Fire","114","1","2018"
"Rough Fire ","151623","1","2015"
"Jurupa Fire","311","1","2013"
"Martin Fire","37","1","2018"
"Yokohl Fire","33","1","2019"
"Banner Fire","217","1","2014"
"Snell Fire","2490","1","2018"
"Sandra Fire","10","1","2017"
"Jerusalem Fire","25118","2","2015"
"Tuscan Fire","50","1","2018"
"Bryant Fire","325","2","2017"
"Roxie Fire (Formerly 1-1 Fire)","167","1","2018"
"Fairview Fire","26","1","2017"
"Bellagio Fire","12","1","2018"
"Interlake Fire","47","1","2014"
"Hwy Fire","300","1","2019"
"Shady Fire","130","1","2019"
"Experimental Fire","56","1","2018"
"Quarry Fire","183","1","2017"
"Mesa Fire ","448","1","2019"
"Warren Fire","19","1","2019"
"Tucker Fire","14217","1","2019"
"Muir Fire","67","1","2019"
"Stuhr Fire ","190","1","2019"
"Rattlesnake Fire","0","1","2017"
"Eagle Fire","2100","2","2018"
"32 Fire","17","1","2019"
"54 Fire","40","1","2013"
"Pilot Fire","30","1","2019"
"Foothill Fire ","25","1","2014"
"Eel Fire","972","1","2018"
"Grub Fire","85","1","2016"
"Taglio Fire","12","1","2017"
"South Complex","29416","1","2015"
"Calaveras Fire ","35","1","2019"
"Power Fire","48","1","2017"
"Happy Camp Fire","44","1","2013"
"Clover Fire","8073","1","2013"
"Lake Fire","712","2","2013"
"Flat Fire","306","1","2016"
"Riverbottom Fire","45","1","2017"
"Reservoir Fire","128","1","2019"
"Gulch Fire","650","1","2018"
"Valley Fire","40","1","2013"
"Washington Fire","32","1","2017"
"Potrero Fire","50","1","2015"
"Fork Complex","36503","1","2015"
"Saddle Ridge Fire","8799","1","2019"
"Bangor Fire","130","1","2016"
"Cove Fire","25","1","2017"
"McGanney Fire","73","1","2013"
"Stuhr Fire","63","1","2018"
"Snowstorm Fire","263","1","2019"
"Bully Fire","12661","1","2014"
"Caldwell Fire","1319","1","2017"
"Wagner Fire","22","1","2018"
"Ascot Fire","40","1","2015"
"Keenbrook Fire","53","1","2018"
"Cloverdale Fire","100","1","2018"
"Apple Fire","110","1","2015"
"66 Fire","15","1","2017"
"Highland Fire","63","1","2018"
"Hub Fire","31","1","2017"
"Wildcat Fire","171","1","2015"
"Peterson Fire","215","1","2015"
"School Fire","12","1","2018"
"Plymire Fire","23","1","2018"
"Loma Fire","81","1","2017"
"Eighty Eight Fire","822","1","2018"
"Harte Fire","240","1","2019"
"Refuse Fire","15","1","2013"
"Soda Fire","0","1","2016"
"Lake Fire","31359","2","2015"
"Sky Fire","17","1","2017"
"Detwiler Fire","81826","1","2017"
"Rose Fire","338","2","2017"
"Nees Fire","1756","1","2018"
"George Fire","150","1","2013"
"Nacimiento Fire","150","1","2018"
"Independence Fire","11","1","2017"
"Cross Fire","289","2","2019"
"Grape Fire","146","1","2017"
"Lodge Lightning Complex","12536","1","2014"
"Pine Fire","43","4","2017"
"Gilman Fire","15","1","2013"
"Lake Fire","800","2","2017"
"Latrobe Fire","1286","2","2017"
"Indian Fire","175","1","2014"
"Plumas Lightning Complex (Hough)","513","1","2013"
"Interstate Fire","100","1","2014"
"Dam Fire","23","1","2013"
"Bee Fire","100","1","2013"
"Duzel Fire","15","1","2019"
"5 Fire","25","1","2017"
"Foster Fire ","17","1","2019"
"Heacock Fire","40","1","2013"
"Oakmont Fire (Central LNU Complex)","100","1","2017"
"Roadrunner Fire","96","1","2013"
"Sierra Fire","200","2","2013"
"Eiler Fire","32416","1","2014"
"Castro Fire","48","1","2018"
"Meadow Fire","4772","1","2014"
"Meadow Fire (Not a CAL FIRE incident)","103","1","2019"
"Double Fire","70","1","2013"
"Camatta Fire","70","1","2017"
"Hopper Fire","25","1","2017"
"Vestal Fire","40","1","2017"
"Casner Fire","14","1","2018"
"Serenas Fire","48","1","2017"
"Gate Fire","2056","1","2017"
"Iowa Fire","14","1","2014"
"Gorge Fire","155","1","2018"
"Garden Fire","1350","2","2017"
"Creek Fire","1450","2","2015"
"Silverado Fire","190","2","2013"
"Temecula Fire","139","1","2016"
"Bogart Fire","1470","1","2016"
"Cienega Fire","670","1","2015"
"Bear Fire","200","1","2018"
"ONeals Fire","300","1","2018"
"Creek Fire ","33","1","2017"
"Turkey Fire","2225","1","2018"
"Copper Fire","53","1","2018"
"Black Fire","36","1","2017"
"Margarita Fire","120","1","2017"
"Bridge Fire","45","1","2018"
"Meadow Fire","21","1","2018"
"Matz Fire","16","1","2017"
"Haigh Fire","130","1","2014"
"Onyx Fire","221","1","2016"
"Orange fire","96","1","2019"
"36 Fire","20","1","2017"
"Grade Fire","710","1","2016"
"Owens Fire","55","1","2017"
"Wilson Fire","10","1","2019"
"Empire Fire","38","1","2013"
"Hill Fire","1598","3","2017"
"Willow Fire","25","1","2018"
"Encinal Fire","400","1","2014"
"Tilton Fire","100","1","2017"
"Otay Fire","80","1","2015"
"Michelle Fire","35","1","2013"
"Reservation Fire","40","1","2017"
"Gap Fire","33867","1","2016"
"Lakeshore Fire","30","1","2013"
"Ben Fire","630","1","2017"
"Honey Fire","34","1","2013"
"Adams Fire","60","1","2018"
"Benton Fire","63","1","2018"
"Empire Fire","8094","1","2017"
"Prairie Fire ","50","1","2019"
"Tyler Fire","15","1","2018"
"Park Fire","63","1","2018"
"Owens River Fire","5443","1","2016"
"Gorman Fire","135","1","2017"
"Boles Fire","516","1","2014"
"Lake Fire","316","2","2019"
"Copper Fire","50","1","2019"
"Meadow Fire","81","1","2019"
"Ward Fire","137","1","2015"
"Lilly 2 Fire","91","1","2013"
"Moffat Fire","1265","1","2018"
"Frame Fire","25","1","2019"
"Olive Fire","170","1","2013"
"Terra Fire","35","1","2018"
"Grande Fire","11","1","2018"
"Taglio Fire","30","1","2016"
"Neal Fire","150","1","2013"
"Lisa Fire","11","1","2017"
"Crestline Fire","51","1","2018"
"Soda Fire","143","2","2017"
"Mason Fire ","43","1","2015"
"Carr Fire","229651","2","2018"
"Creek Fire","15619","4","2017"
"Dinosaur Fire","1246","1","2016"
"Tick Fire","4615","1","2019"
"Highway Fire","380","1","2014"
"Breckenridge Fire","993","1","2018"
"Hoag Fire","80","1","2016"
"La Barisa Fire","26","1","2019"
"Lariat Fire","101","1","2017"
"Mud Fire ","137","1","2019"
"Diablo Fire","150","1","2013"
"Gray Fire","12","1","2018"
"LaPorte Fire (Wind Complex)","6151","1","2017"
"Hirz Fire","46150","1","2018"
"Pawnee Fire","15185","1","2018"
"Relay Fire","60","1","2013"
"Rawson Fire","605","1","2019"
"Jelly Fire","103","1","2018"
"Charlie Fire","3380","1","2018"
"Pfeiffer Fire","917","1","2013"
"Thomas Fire","281893","2","2017"
"Sand Fire","2512","1","2019"
"Cruces Fire","77","1","2018"
"Timm Fire","100","1","2017"
"Shandon Fire","12","1","2017"
"West Butte Fire","1350","1","2019"
"Feather Fire","100","1","2016"
"Brushy Fire","35","1","2018"
"River Fire","164","1","2015"
"Lago Fire","50","1","2017"
"Bally Fire","100","1","2017"
"Panoche Fire","18","1","2017"
"Stephens Fire","200","1","2015"
"Pulgas Fire","14416","1","2014"
"Sam Fire","96","1","2018"
"Pala Fire","70","1","2016"
"Chaparral Fire","22","1","2019"
"Ranch Fire","35","1","2015"
"Corner Fire","35","1","2018"
"Spring 2 Fire","80","1","2018"
"Ponderosa Fire","4016","1","2017"
"Web Fire","389","1","2014"
"Border Fire","100","2","2019"
"Courtney Fire","320","1","2014"
"Mina Fire","36","1","2016"
"Hill Fire ","494","1","2019"
"Howard Fire","380","1","2016"
"Saddle Fire","850","1","2016"
"Kelley Fire","52","1","2018"
"3-2 Fire","14","1","2018"
"Covelo Fire","35","1","2015"
"Alamo Fire","28687","1","2017"
"Pleasure Fire","19","1","2015"
"3-2 Willow (Previously H-1 Fire)","107","1","2019"
"Bane Fire","48","1","2014"
"Delta Fire","63311","2","2018"
"Border 9 Fire","25","1","2017"
"Open Fire","127","1","2018"
"Niles Fire","20","1","2018"
"Mesa Fire","50","1","2017"
"Bald Fire","20","1","2015"
"Phoenix Fire","38","1","2016"
"Doyle Fire","193","1","2019"
"Wild Fire","186","1","2017"
"Mountain Fire","35","1","2016"
"Tesla Fire","2700","2","2015"
"Jamieson Fire","35","1","2019"
"Sweigert Fire ","80","1","2019"
"Sobrante Fire","30","1","2018"
"Meadow Fire","4347","1","2016"
"Sherwood Fire","78","1","2016"
"Tulloch Fire","112","1","2015"
"Nimshew Fire","33","1","2018"
"Nickowitz Fire","7509","1","2015"
"Baseline Fire ","604","1","2019"
"Cherokee Fire","8417","1","2017"
"Little Mountain Fire","260","1","2017"
"Green Hill Fire","10","1","2018"
"Iron Gate Fire","15","1","2018"
"Centerville Fire","80","1","2013"
"Oak Fire","360","2","2018"
"Redwood Valley Fire (Mendocino Lake Complex)","36523","1","2017"
"Jayne Fire","5738","1","2017"
"Twenty Fire","10","1","2017"
"Vina Fire","200","1","2013"
"Heavy Range Fire","33","1","2019"
"Summit Complex","5247","1","2017"
"Owens Fire","338","1","2018"
"Dinosaur Fire","185","1","2018"
"Cook Fire","158","1","2015"
"Lake Fire","75","1","2016"
"Black Fire","10","1","2018"
"3-18 Fire","32","1","2018"
"Sonoma-Lake-Napa Unit Lightning Fires","28","4","2013"
"Cascade Fire (Wind Complex)","9989","1","2017"
"South Fire","290","2","2018"
"Carstens Fire","1708","1","2013"
"Recycle Fire","265","1","2018"
"Omega Fire","66","1","2018"
"Orange Fire","65","1","2017"
"Hidden Fire","30","1","2016"
"Ranger Fire","15","1","2013"
"Mountain Fire","27531","1","2013"
"Forbestown Fire","58","1","2019"
"Woodchuck Fire","15","1","2018"
"Simmons Fire","43","1","2018"
"Shippee Fire","347","1","2018"
"Point Fire","59","1","2015"
"Sunset Fire","700","1","2018"
"32 Fire","28","1","2017"
"Roblar Fire","1245","1","2016"
"Jasper Fire","1165","1","2019"
"Topanga Fire","55","1","2017"
"Lakewood Fire","40","1","2017"
"Adelaida Fire","85","1","2013"
"Tassajara Fire","213","1","2013"
"Grant Fire","640","4","2018"
"Rincon Fire","10","1","2017"
"Lilac Fire","4100","1","2017"
"Haycamp Fire","50","1","2018"
"Sunny Fire","158","1","2016"
"Shelton Fire","303","1","2013"
"Mias Fire","545","1","2017"
"Site Fire","300","1","2015"
"Bradley Fire","54","2","2017"
"Fork Fire","38","1","2016"
"San Mateo Fire","1457","1","2014"
"Western Fire","106","1","2018"
"Boys Fire","40","1","2016"
"River Fire","105","1","2014"
"Market Fire","120","1","2018"
"Plains Fire","42","1","2019"
"Lynette Fire","67","1","2019"
"Ranchera Fire","13","1","2018"
"Coldwell Fire","13","1","2018"
"Neal Fire","35","1","2016"
"Ben Fire","40","1","2018"
"Road Fire","25","1","2017"
"Horno Fire","1850","1","2015"
"Parkfield Fire","1816","3","2017"
"Highway Fire","1522","2","2017"
"Glencove Fire ","140","1","2019"
"Hat Fire","1900","1","2018"
"Ethanac Fire","17","1","2018"
"Etiwanda Fire","2143","1","2014"
"Tomahawk Fire","5367","1","2014"
"Fox Fire (formally 3-7 Fire)","502","1","2013"
"Way Fire","4045","1","2014"
"Kennedy Fire","98","1","2019"
"Madera Fire ","213","1","2019"
"Linne Fire","74","1","2017"
"Frame Fire","145","1","2016"
"Riosa Fire","110","1","2015"
"Reed Fire","92","2","2017"
"4-4 Fire","28","1","2017"
"Mart Fire","670","1","2017"
"Stuhr Fire","600","1","2019"
"PFE Fire","237","1","2013"
"Hill Fire","121","1","2019"
"Deer Fire","10","1","2019"
"Rancho Fire","372","1","2016"
"Lion Fire","18900","1","2017"
"Whitepine Fire","46","1","2017"
"Helena - Fork Fire","21846","1","2017"
"Mayberry Fire ","12","1","2019"
"Jurupa Fire","35","1","2017"
"Campbell Fire","865","1","2014"
"Girasol Fire","30","1","2019"
"Carson Fire","13","1","2019"
"Goose 2 Fire","128","1","2019"
"Saw Fire","85","1","2017"
"Moose Fire","225","1","2019"
"Freeway Fire","40","2","2017"
"Black Fire","403","1","2014"
"Five Fire","156","1","2019"
"River Complex","77081","1","2015"
"Stoney Fire","962","1","2018"
"Watt Fire","27","1","2019"
"Springs Fire","24251","1","2013"
"Merced Fire ","210","1","2019"
"Dunstone Fire","91","1","2016"
"Forebay Fire","275","1","2015"
"Canyon Fire","144","2","2019"
"San Lucas Fire","75","1","2014"
"Volcan Fire","12","1","2018"
"Wasioja Fire","190","1","2017"
"Bailey Fire","10","1","2019"
"Paskenta Fire ","15","1","2017"
"Wildlife Fire","72","1","2014"
"Tejon Fire","208","1","2019"
"Rocky Fire","17","1","2019"
"Evergreen Fire","40","1","2016"
"R-4 Fire","18618","1","2017"
"Pico Fire","128","1","2018"
"Wheeler Fire","115","1","2018"
"Shinn Fire","111","1","2015"
"Del Fire","18","1","2019"
"Nelson Fire","62","1","2014"
"Lone Pine Fire","30","1","2016"
"Oak Fire","85","1","2014"
"Pleasant Fire","2070","1","2018"
"Rye Fire","6049","1","2017"
"Flores Fire","88","1","2016"
"Franklin Fire","40","1","2016"
"3-11 Fire","116","1","2015"
"Curry Fire","2944","1","2016"
"Bridge Fire","300","2","2014"
"Chris Fire","370","1","2017"
"Nurse Fire","1500","1","2018"
"Lambs Fire","10","1","2017"
"Cassel Fire","75","1","2014"
"Lions Fire","4064","1","2018"
"Auburn Fire","47","1","2016"
"City Fire","20","1","2017"
"Ice Fire","29","1","2017"
"Santa Cruz Fire","258","1","2018"
"County Fire","90288","2","2018"
"Aborn Fire","47","1","2019"
"Bruner Fire","50","1","2013"
"Rancho Fire","712","1","2013"
"Sloane Fire","25","1","2017"
"Manzanita Fire","6309","1","2017"
"Lariat Fire","33","1","2018"
"Freedom Fire","57","1","2017"
"Bell Fire","45","1","2016"
"Shedd Fire","150","1","2016"
"Nuns / Adobe / Norrbom/ Pressley / Partrick Fires / Oakmont (Central LNU Complex)","56556","2","2017"
"Lower Fire","46","1","2019"
"Valley Fire","1350","2","2018"
"Capay Fire","163","1","2013"
"Nuevo Fire","20","1","2019"
"306 Fire","217","1","2013"
"Reservoir Fire","51","1","2018"
"Ione Fire","355","1","2015"
"Shelter Fire","15","1","2016"
"Springs Fire","10","1","2017"
"Willms Fire","19","1","2017"
"Dockery Fire","42","1","2016"
"Junction Fire","612","1","2014"
"Alpha Fire","300","1","2018"
"Cloverdale Fire","27","1","2013"
"Davis Creek Complex","97","1","2013"
"Steele Fire","135","1","2018"
"Coast Fire","14","1","2017"
"Rock Creek Fire","122","1","2016"
"Eastern Fire","513","1","2018"
"Nelson Fire","2162","1","2018"
"Ellie Fire","34","1","2017"
"Redinger Fire","88","1","2018"
"Sherpa Fire","7474","1","2016"
"Keswick Fire","18","1","2015"
"White Fire","52","1","2015"
"Kerlin Fire","1751","1","2018"
"Deer Complex","231","1","2017"
"Pierce Fire","350","1","2014"
"Masonic Fire","38","1","2018"
"Gibbel Fire ","20","1","2019"
"Longhorn Fire","19","1","2017"
"Bailey Fire","100","2","2016"
"Arrow Fire","225","1","2017"
"North Fire","10","1","2017"
"Sobrante Fire ","19","1","2019"
"46 Fire","328","1","2019"
"Lebec Fire","62","1","2018"
"Sugar Fire","65","1","2019"
"Sun Fire","3889","1","2018"
"Sky Fire ","150","1","2019"
"Stagecoach Fire","35","1","2016"
"Park Fire","25","1","2015"
"King Fire ","237","1","2016"
"Cow Fire","100","1","2016"
"Windmill Fire","110","1","2018"
"Olive Fire","72","1","2015"
"Snail Fire","279","1","2019"
"Munjar Fire","104","1","2015"
"Summit Fire","3166","2","2013"
"York Fire","161","1","2019"
"Maria Fire","117","1","2017"
"Maria Fire ","9999","1","2019"
"Marsh Fire","80","1","2014"
"Gilbert Fire","30","1","2019"
"Warner Mountain Lightning","0","1","2017"
"Harrison Fire","80","1","2015"
"Eclipse Fire","200","1","2017"
"Levee Fire","70","1","2019"
"Tule Fire","395","1","2016"
"Military Fire","58","1","2015"
"Bird Fire","147","1","2016"
"Bible Fire","30","1","2014"
"Burris Fire","703","1","2019"
"Francis Fire","30","1","2015"
"Lombardi Fire","15","1","2017"
"Schaeffer Fire","16031","1","2017"
"Day Fire","13153","1","2014"
"July Complex","50042","1","2014"
"San Ardo","375","1","2018"
"Holcomb Fire","1503","1","2017"
"Spenceville Fire","39","1","2017"
"Dode Fire","410","1","2017"
"Oregon Fire","580","1","2014"
"Navajo Fire","10","1","2017"
"Shore Fire","32","2","2017"
"Jacksonville Fire","690","1","2017"
"Canyon Fire","12518","1","2016"
"Electra Fire","10","1","2019"
"Fort Fire","20","1","2017"
"Roadrunner Fire","2289","1","2017"
"Happy Fire","60","1","2018"
"Spider Fire","21","1","2015"
"Country Fire","320","2","2018"
"Lone Fire","298","1","2013"
"Flood Fire ","44","1","2019"
"Buck Fire","13417","1","2017"
"Tivy Fire","76","1","2017"
"Drum Fire","14","1","2017"
"Globe Fire","21","1","2017"
"Triple Fire","430","1","2015"
"Oak Fire","57","3","2016"
"70th Fire","10","1","2018"
"Tobin Fire","248","1","2016"
"Greenstone Fire ","16","1","2019"
"Pressley Fire (Central LNU Complex)","0","1","2017"
"Dorris Fire","24","1","2015"
"Extension Fire","50","1","2017"
"Evans Fire","168","1","2017"
"French Fire","20","1","2018"
"Quimby Fire","54","1","2017"
"Frymire Fire","32","1","2016"
"Nicolls Fire ","1680","1","2014"
"Balch Fire","100","1","2018"
"Radio Fire","20","1","2019"
"Sky Fire","500","2","2015"
"Grizzly Fire","10","1","2017"
"Ink Fire","50","1","2019"
"Coffee Fire","6258","1","2014"
"Lytle Fire","75","1","2013"
"Pallet Fire","10","1","2018"
"Alvarado Fire","15","1","2017"
"Sandy Fire","32","2","2017"
"River Fire","406","1","2013"
"Willow Fire","450","2","2016"
"Queen Fire","158","1","2015"
"Red Fire","333","1","2014"
"Meyers Fire","12","1","2018"
"Fox Fire","59","1","2017"
"Poinsettia Fire","600","1","2014"
"Indian Fire","2295","1","2017"
"152 Fire","124","1","2013"
"Scott Fire","87","1","2016"
"Geary Fire","45","1","2015"
"Modoc July Complex","83120","1","2017"
"Goose Fire","2241","1","2016"
"Dog Bar Fire","247","1","2014"
"El Portal Fire","4689","1","2014"
"Stoll Fire","268","1","2018"
"Elephant Fire","416","1","2017"
"Falls Fire","1383","1","2013"
"Euclid Fire","154","1","2018"
"Benson Fire","29","1","2017"
"Winters Fire","2269","1","2017"
"Banister Fire","29","1","2015"
"Indian Fire","38","1","2013"
"Timm Fire ","81","1","2019"
"Emerald Fire","176","1","2016"
"Corrine Fire","920","1","2015"
"Palisades Fire","42","1","2019"
"Jardin Fire","10","1","2018"
"Red Fire","135","1","2015"
"Jacques Fire","18","1","2018"
"Coleman Fire","2520","1","2016"
"Garage Fire","36","1","2015"
"Santa Fire","14","1","2014"
"Aspen Fire","22992","1","2013"
"Whaleback Fire","18703","1","2018"
"Murphy Fire","100","1","2013"
"McCabe Fire","1333","1","2015"
"Zenon Fire","47","1","2017"
"Summit Fire","21","1","2016"
"Tarina Fire ","1200","1","2017"
"Jones Fire","42","2","2017"
"Berry Fire","995","1","2017"
"Butte Fire","80","1","2013"
"Gibraltar Fire","21","1","2015"
"Willow Fire","5702","1","2015"
"Wheatland Fire","156","1","2016"
"Silverado Fire","968","1","2014"
"Cutca Fire","167","1","2015"
"Tehama Fire","194","1","2017"
"Hills Fire","151","1","2016"
"Banderilla Fire","36","1","2017"
"Holy Fire","23136","1","2018"
"Grant Fire","50","2","2013"
"Diversion Fire","45","1","2019"
"Cedar Fire","72","1","2013"
"Chrome Fire","2290","2","2018"
"Bear Fire","391","1","2017"
"Range Fire","518","1","2016"
"Soup Complex","2652","1","2016"
"Meridian Fire","860","1","2015"
"Star Fire","156","1","2019"
"Moreno Fire","10","1","2017"
"Happy Camp Complex","0","1","2014"
"Beaver Fire","32496","1","2014"
"McCourtney Fire (Wind Complex)","76","1","2017"
"Slinkard Fire","8925","1","2017"
"Mark Fire","114","1","2015"
"Center Fire","40","1","2015"
"Redwood Fire","34","1","2019"
"Moore Fire","88","1","2016"
"Foothill Fire","26","1","2019"
"Lincoln Fire","374","1","2015"
"Westfall Fire","63","1","2017"
"Humboldt Lightning Fires","4883","1","2015"
"West Fire","504","1","2018"
"Fork Fire","166","1","2018"
"Hale Fire","51","1","2018"
"Humboldt Fire","103","1","2017"
"South Napa Earthquake","6","1","2014"
"Lott Fire","10","1","2018"
"Chilcoot Fire","1020","1","2017"
"Sierra Fire","170","2","2018"
"Derrick Fire","1538","1","2017"
"San Felipe Fire","2781","1","2013"
"Dog Rock Fire","311","1","2014"
"Antelope Fire","0","1","2017"
"Long Valley Fire ","2438","1","2019"
"Fay Fire","469","2","2017"
"Raymond Fire","60","1","2018"
"Reche Fire","350","1","2019"
"Palmer Fire","3874","1","2017"
"Tower Fire","12","1","2018"
"Lane Fire","3716","1","2018"
"Leopard Fire","25","1","2014"
"Eagle Fire","75","2","2019"
"Fallon Fire","116","1","2017"
"Little Fire","101","1","2014"
"Wheeler Fire","64","1","2013"
"Lakeland Fire","18","1","2017"
"Orleans Complex","0","1","2013"
"Petersburg Fire","215","1","2018"
"Dale Fire","856","1","2018"
"Horn Fire","88","1","2018"
"Storksbill Fire","50","1","2016"
"Border Fire","7609","1","2016"
"Gold Fire","274","1","2013"
"Bald Hill 3 Fire","210","1","2014"
"Laguna Fire","47","1","2016"
"Olive Fire","150","2","2017"
"Mill Fire","280","1","2019"
"Frog Fire","4863","1","2015"
"Baker Fire","40","1","2013"
"Twisselman Fire","293","1","2018"
"Revis Fire","75","1","2013"
"Corning Fire ","68","1","2019"
"Tree Fire","83","1","2019"
"Ranchita Fire","10","1","2018"
"Camino Fire","58","1","2018"
"Trellis Fire","26","1","2017"
"Tower Fire","150","2","2017"
"Skirball Fire","422","1","2017"
"Willow Fire","52","2","2019"
"McMillan Fire","1764","1","2019"
"Shaver Fire","10","1","2017"
"General Fire","1271","1","2013"
"Llano Fire","10","1","2018"
"Battle Fire","562","1","2017"
"Burney Lightning Series (Warner Fire)","196","1","2013"
"Elk Fire","16","1","2017"
"Blue Fire","20","1","2017"
"Shastina Fire","127","1","2018"
"Point Fire ","29","1","2019"
"Lockwood Fire","42","1","2017"
"Eastman Fire","429","1","2017"
"Border Fire","100","1","2013"
"Chimney Fire","46344","2","2016"
"McCourtney Fire","30","1","2015"
"R-6 Fire","260","1","2019"
"Slides Fire","58","1","2017"
"Freeway Fire ","56","1","2014"
"Cold Fire","5731","1","2016"
"Jacumba Fire","29","1","2014"
"Santos Fire","88","1","2016"
"Little Fire","97","1","2013"
"McMurray Fire","200","1","2019"
"High Fire","170","1","2017"
"Dixie Fire","60","1","2015"
"Country Fire","85","1","2019"
"Wall Fire","6033","1","2017"
"Crane Fire","159","1","2013"
"Adobe Fire","38","1","2018"
"Blocksburg Fire","30","1","2017"
"Montgomery Fire","79","1","2014"
"Cedar Fire","29322","1","2016"
"Vista Fire","86","1","2017"
"Bradley Fire","100","1","2016"
"Marshview Fire","183","1","2019"
"Anchor Fire","76","1","2018"
"Marsh Fire","247","1","2018"
"Champagne Fire","10","1","2017"
"Brewer Fire","120","1","2014"
"Tulloch Fire","85","1","2016"
"Skeleton Fire","200","1","2017"
"Pine Fire","2304","1","2016"
"Valley Fire","90","1","2014"
"Ellis Fire","72","1","2017"
"Tyler Fire","52","1","2013"
"Tornado Fire","70","1","2018"
"Webb Fire","75","1","2015"
"Woolsey Fire","96949","2","2018"
"Estate Fire","55","1","2017"
"Sonoma Fire","400","1","2017"
"American Fire","27440","1","2013"
"Shirleon Fire ","10","1","2017"
"R-1 Fire","3380","2","2019"
"Creek Fire","94","1","2013"
"Panoche Fire","278","2","2018"
"Caliente Fire","448","2","2019"
"Stafford Fire","23","1","2016"
"Anza Fire","543","1","2015"
"Swedes Fire","2462","1","2013"
"70 Fire","20","1","2018"
"Ardo Fire","43","1","2019"
"Brewer Fire","10","1","2017"
"Morgan Fire","20","1","2018"
"Sprig Fire","90","1","2015"
"Cottage Fire","156","1","2019"
"Rolling Fire","184","1","2017"
"Quail Fire","1626","2","2017"
"Preston Fire","21","1","2019"
"Reservoir Fire","215","1","2016"
"Stoney Fire","4840","1","2014"
"Hollow Fire","283","1","2019"
"Bayliss Fire","60","1","2019"
"Boyer Fire","53","1","2018"
"Ribbon Fire","205","1","2018"
"Soledad Fire","10","1","2017"
"Freeman Fire","105","1","2013"
"Bascom Fire","328","1","2018"
"Range Fire","1000","4","2017"
"Erskine Fire","48019","1","2016"
"Toro Fire ","94","1","2019"
"Fort Fire","554","1","2016"
"Dry Fire","143","1","2014"
"McClellan Fire","37","1","2014"
"Fallon Fire","38","1","2013"
"Eastman Fire","289","1","2018"
"Oak Fire","108","1","2015"
"China Fire","17","1","2018"
"Willow Fire","370","1","2017"
"Mill Fire","56","1","2016"
"Mendocino Lightning Fires","50","1","2015"
"Sterling Fire","100","1","2015"
"Mines Fire","35","3","2019"
"Rolling Fire","482","1","2013"
"Inghram Fire","10","1","2019"
"Fox Fire","25","1","2015"
"FKU Lightning Fires","45","1","2015"
"Irene Fire","94","1","2014"
"McCabe Fire","3505","1","2013"
"Butte Fire","300","1","2016"
"Boca Fire","84","1","2014"
"American Fire","526","1","2019"
"Hidden Fire","39","1","2018"
"Hudson Fire","1083","1","2017"
"Bernardo Fire","1548","1","2014"
"Peach Fire ","90","1","2018"
"Chariot Fire","7055","1","2013"
"Briggs Fire","150","1","2018"
"Gorgonio Fire","510","1","2013"
"Viper Fire","42","1","2013"
"DeLuz Fire","2236","1","2013"
"Aliso Fire","175","1","2018"
"Hill Fire","4531","1","2018"
"Spring Fire","50","1","2016"
"Spaletta Fire","35","1","2017"
"Eclipse Complex","78698","1","2017"
"Sullivan Fire","40","1","2015"
"Silver Fire","58","2","2017"
"Hog Fire","14","1","2017"
"Dark Hole Fire","1080","1","2014"
"White Fire","1984","1","2013"
"Corner Fire","17","1","2017"
"Beaumont Fire","11","1","2019"
"Snow Fire","25","1","2015"
"Trinity Fire","90","1","2019"
"Metz Fire","400","1","2018"
"Peg Fire","157","1","2017"
"Cherry Fire","25","1","2013"
"Horseshoe Fire ","520","1","2019"
"Flat Fire","111","1","2017"
"Jacobson Fire","10","1","2016"
"Border 10 Fire","25","2","2019"
"Grand Fire","4346","2","2013"
"Lone Fire","111","1","2017"
"Spring Fire","70","1","2018"
"Largo Fire","236","1","2017"
"Toro Fire","51","1","2013"
"Bodfish Fire","206","1","2017"
"Toll Fire","186","2","2017"
"Twist Fire","124","1","2017"
"Bar Fire","91","1","2019"
"Ridge Fire","87","1","2017"
"Tram Fire","60","1","2013"
"Woodland Fire","13","1","2017"
"Big Fire","188","1","2016"
"Ferguson Fire","96901","1","2018"
"Little Fire","12","1","2019"
"Tehama Fire","225","1","2014"
"Clinton Fire","108","1","2013"
"Kyburz Fire","572","1","2013"
